{
  "version": "1.0",
  "module": "unnamed",
  "metadata": {
    "compiled_at": "2026-01-19T07:42:46Z",
    "compiler_version": "0.1.0"
  },
  "components": [
    {
      "id": 0,
      "name": "Clicks",
      "fields": [
        {
          "name": "count",
          "type": {
            "type": "number"
          }
        }
      ]
    }
  ],
  "rules": [
    {
      "id": 0,
      "name": "handle_click",
      "trigger": {
        "type": "event",
        "event": "Click"
      },
      "actions": [
        {
          "type": "modify",
          "entity": {
            "type": "var",
            "name": "entity"
          },
          "component": "Clicks",
          "field": "count",
          "op": "add",
          "value": {
            "type": "literal",
            "value": 1.0
          }
        }
      ]
    }
  ],
  "functions": []
}